{
	"valueArray":[
	    [{"name":"成都","value":85}],
	    [{"name":"南昌","value":70}],
	    [{"name":"太原","value":50}],
	    [{"name":"拉萨","value":40}],
	    [{"name":"徐州","value":55}],
	    [{"name":"惠州","value":20}],
	    [{"name":"深圳","value":30}],
	    [{"name":"广元","value":30}],
	    [{"name":"广安","value":95}],
	    [{"name":"三亚","value":76}],
	    [{"name":"衢州","value":76}],
	    [{"name":"盐池","value":50}],
	    [{"name":"浦东","value":28}]
	],
	"location":{
	    "南昌": [104.916711,33.386364],
	    "太原": [105.574127,33.35163],
	    "成都": [105.666114,33.754069],
	    "拉萨": [106.075453,33.79053],
	    "徐州": [104.581823,33.096485],
	    "惠州": [105.136042,34.408508],
	    "深圳": [104.344958,34.010625],
	    "广元": [105.398203,33.055132],
	    "广安": [105.074304,33.650161],
	    "三亚": [105.610016,33.007373],
	    "衢州": [104.983114,33.48984],
	    "盐池": [104.21301,34.018874],
	    "浦东": [105.091198,33.740792]
	},
	"numberone":230,
	"numbertwo":124
}
