{
	"valueArray":[
	    [{"name":"成都","value":85}],
	    [{"name":"南昌","value":70}],
	    [{"name":"太原","value":50}],
	    [{"name":"拉萨","value":40}],
	    [{"name":"徐州","value":55}],
	    [{"name":"惠州","value":20}],
	    [{"name":"深圳","value":30}],
	    [{"name":"广元","value":30}],
	    [{"name":"广安","value":95}],
	    [{"name":"宜宾","value":10}],
	    [{"name":"合肥","value":50}],
	    [{"name":"苏州","value":60}],
	    [{"name":"上海","value":35}],
	    [{"name":"天津","value":30}],
	    [{"name":"汕头","value":31}],
	    [{"name":"香港","value":46}],
	    [{"name":"甘州","value":110}],
	    [{"name":"赣州","value":30}],
	    [{"name":"濮阳","value":56}],
	    [{"name":"海口","value":96}],
	    [{"name":"三亚","value":76}],
	    [{"name":"衢州","value":76}],
	    [{"name":"盐池","value":50}],
	    [{"name":"浦东","value":28}]
	],
	"location":{
	    "南昌": [104.916711,33.386364],
	    "太原": [105.574127,33.35163],
	    "成都": [105.666114,33.754069],
	    "拉萨": [106.075453,33.79053],
	    "徐州": [104.581823,33.096485],
	    "惠州": [105.136042,34.408508],
	    "深圳": [104.344958,34.010625],
	    "广元": [105.398203,33.055132],
	    "广安": [105.074304,33.650161],
	    "宜宾": [106.315768,33.980446],
	    "合肥": [105.671863,34.102611],
	    "苏州": [109.671863,32.282611],
	    "上海": [104.919873,32.964753],
	    "天津": [104.19088,34.185164],
	    "汕头": [105.225728,34.225517],
	    "香港": [106.462391,34.113149],
	    "甘州": [105.252174,33.130596],
	    "赣州": [105.278797,32.764874],
	    "濮阳": [105.269175,32.713577],
	    "海口": [104.932521,33.696077],
	    "三亚": [105.610016,33.007373],
	    "衢州": [104.983114,33.48984],
	    "盐池": [104.21301,34.018874],
	    "浦东": [105.091198,33.740792]
	},
	"numberone":985,
	"numbertwo":701
}
