{
	"valueArray":[
	    [{"name":"深圳","value":30}],
	    [{"name":"广元","value":30}],
	    [{"name":"广安","value":95}],
	    [{"name":"宜宾","value":10}],
	    [{"name":"合肥","value":50}],
	    [{"name":"苏州","value":60}],
	    [{"name":"上海","value":35}],
	    [{"name":"天津","value":30}],
	    [{"name":"汕头","value":31}],
	    [{"name":"香港","value":46}],
	    [{"name":"乌鲁木齐","value":106}],
	    [{"name":"吐哈","value":56}],
	    [{"name":"青岛","value":116}],
	    [{"name":"滨州","value":150}],
	    [{"name":"开封","value":56}],
	    [{"name":"洛阳","value":46}]
	],
	"location":{
	    "深圳": [104.344958,34.010625],
	    "广元": [105.398203,33.055132],
	    "广安": [105.074304,33.650161],
	    "宜宾": [106.315768,33.980446],
	    "合肥": [105.671863,34.102611],
	    "苏州": [109.671863,32.282611],
	    "上海": [104.919873,32.964753],
	    "天津": [104.19088,34.185164],
	    "汕头": [105.225728,34.225517],
	    "香港": [106.462391,34.113149],
	    "乌鲁木齐": [104.824437,32.964365],
	    "吐哈": [104.847434,32.989708],
	    "青岛": [105.252174,33.130596],
	    "滨州": [105.778797,33.764874],
	    "开封": [104.569175,32.713577],
	    "洛阳": [104.932521,32.696077]
	},
	"numberone":502,
	"numbertwo":334
}
